meta.zuid,meta.title,Path Part,meta.description
7-fcbb8f98c9-r7nxlf,North and South Carolina Division,/usa-southern-territory/north-and-south-carolina/,The Salvation Army USA | North and South Carolina Division Headquarters
7-f68ddd8c96-x07gqx,"Alabama, Louisiana and Mississippi Division",/usa-southern-territory/alabama-louisiana-and-mississippi/,"The Salvation Army USA | Alabama, Louisiana and Mississippi Division Headquarters"
7-f4cfbc98a0-bhnrr5,Arkansas and Oklahoma Division,/usa-southern-territory/arkansas-and-oklahoma/,The Salvation Army USA | Arkansas and Oklahoma Division Headquarters
7-f28aecb2b9-wlbvm1,Adult Rehabilitation Centers Command (USS) Division,/usa-southern-territory/adult-rehabilitation-centers-command-uss/,The Salvation Army USA | Adult Rehabilitation Centers Command (USS) Division Headquarters
7-f0f9b5c4ec-xb359v,Potomac Division,/usa-southern-territory/potomac/,The Salvation Army USA | Potomac Division Headquarters
7-dac2a589bf-2klwh6,Kentucky and Tennessee Division,/usa-southern-territory/kentucky-and-tennessee/,The Salvation Army USA | Kentucky and Tennessee Division Headquarters
7-d4ecfdb8aa-ggn7w9,Florida Division,/usa-southern-territory/florida/,The Salvation Army USA | Florida Division Headquarters
7-d4ebbcf3b4-lwqwp2,Georgia Division,/usa-southern-territory/georgia/,The Salvation Army USA | Georgia Division Headquarters
7-8cb2cdb7d3-v7g7zn,Texas Division,/usa-southern-territory/texas/,The Salvation Army USA | Texas Division Headquarters
